cluster_label,persen_sekolah_internet_sd,persen_sekolah_internet_smp,persen_sekolah_internet_sma,persen_guru_sertifikasi_sd,persen_guru_sertifikasi_smp,persen_guru_sertifikasi_sma,rasio_siswa_guru_sd,rasio_siswa_guru_smp,rasio_siswa_guru_sma,rasio_siswa_komputer_sd,rasio_siswa_komputer_smp,rasio_siswa_komputer_sma,persen_lulus_akm_literasi,persen_lulus_akm_numerasi,persen_sekolah_listrik_sd,persen_sekolah_listrik_smp,persen_sekolah_listrik_sma,persen_guru_kualifikasi_s1_sd,persen_guru_kualifikasi_s1_smp,persen_guru_kualifikasi_s1_sma
Rendah (Low),-2.1024021148417495,-2.0777336699339277,-2.0316874239125844,-1.8732666008512917,-1.4762585721398522,-1.3861429718852107,2.3213863535920596,1.2820468443526296,1.0179216960350261,2.566267043355411,2.02996521418625,1.3237910063099283,0.0,1.4210854715202004e-14,-2.0731145817195196,-2.059994884060304,-2.1665766027922877,-1.2071949659850092,-1.1968241904949644,-0.6672318820692705
Sedang (Medium),-0.3646004807681164,-0.395940281351026,-0.3622340316233343,-0.307966384633159,-0.4559487392390121,-0.37448491887867336,-0.5233336700824034,-0.7305639120112623,-0.6588611546806857,-0.13049593011760718,-0.5040241580497888,-0.2825369553054896,0.0,1.4210854715202004e-14,-0.384481703691844,-0.4297278263451476,-0.24400870017437068,-0.27768553943963603,-0.5214352803619963,-0.3880505887389364
Tinggi (High),0.8043759373969598,0.8350078796325159,0.7884546775598597,0.6976996703719215,0.7897408139201122,0.6811973409669844,0.15349043754419311,0.5815006176965514,0.5503584810092036,-0.3343671492468302,0.1864087001460905,0.06964326103556395,0.0,1.4210854715202004e-14,0.8212509007257349,0.8696928453995952,0.680742900719722,0.5387452879917783,0.8110192261250513,0.5616628902192918
