cluster_label,persen_sekolah_internet_sd,persen_sekolah_internet_smp,persen_sekolah_internet_sma,persen_guru_sertifikasi_sd,persen_guru_sertifikasi_smp,persen_guru_sertifikasi_sma,rasio_siswa_guru_sd,rasio_siswa_guru_smp,rasio_siswa_guru_sma,rasio_siswa_komputer_sd,rasio_siswa_komputer_smp,rasio_siswa_komputer_sma,persen_lulus_akm_literasi,persen_lulus_akm_numerasi,persen_sekolah_listrik_sd,persen_sekolah_listrik_smp,persen_sekolah_listrik_sma,persen_guru_kualifikasi_s1_sd,persen_guru_kualifikasi_s1_smp,persen_guru_kualifikasi_s1_sma,province_count
Rendah (Low),-1.1794282447965685,-1.090390236851678,-1.1990554161114864,-1.1783185097820903,-1.1252578610413075,-1.1164328723272414,0.30420334991269554,-0.09269464306371558,-0.24149078104581073,0.7387530029735373,0.2176672783815525,0.06886466010038703,0.0,1.4210854715202004e-14,-1.2256112958451566,-1.1772043116551583,-1.158316052375608,-0.7098360159074538,-0.8363028069153615,-0.8153157507032481,11
Tinggi (High),0.4989888727985487,0.46131894636032544,0.5072926760471667,0.4985193695231923,0.4760706335174771,0.4723369844461404,-0.12870141727075543,0.03921696437311007,0.1021691765963042,-0.31254934741188034,-0.09209000239219531,-0.02913504850401009,0.0,1.4210854715202004e-14,0.5185278559344896,0.49804797800794987,0.490056791389681,0.30031523749930644,0.35382041831034505,0.344941279143682,26
