{
  "n_clusters": 4,
  "silhouette_score": 0.28702492368423205,
  "davies_bouldin_score": 0.7088813058280997,
  "inertia": 172.58167651188603,
  "cluster_mapping": {
    "0": "Sangat Rendah",
    "3": "Rendah (Low)",
    "1": "Sedang (Medium)",
    "2": "Tinggi (High)"
  },
  "cluster_statistics": {
    "0": {
      "label": "Sangat Rendah",
      "count": 17,
      "percentage": 45.94594594594595,
      "centroid": [
        -0.6472261015382065,
        -0.6190790553350775,
        -0.5464049725704696,
        -0.6010193399069524,
        -0.660728720796404,
        -0.5621598412898073,
        -0.28163644761117984,
        -0.5595287632818972,
        -0.5849348677832991,
        0.20061956526458682,
        -0.33319896149330175,
        -0.26455424417871604,
        0.0,
        1.4210854715202004e-14
      ],
      "avg_score": -0.3899894107514793
    },
    "1": {
      "label": "Sedang (Medium)",
      "count": 18,
      "percentage": 48.64864864864865,
      "centroid": [
        0.7788408954185985,
        0.7415615680864626,
        0.6561161699011141,
        0.7383445625426185,
        0.683623025850036,
        0.6315686344453554,
        -0.10596326589620209,
        0.21926826688781972,
        0.5480691666442353,
        -0.360760963965683,
        -0.05840761824506712,
        0.29372315537479843,
        0.0,
        1.4210854715202004e-14
      ],
      "avg_score": 0.34042739978886427
    },
    "2": {
      "label": "Tinggi (High)",
      "count": 1,
      "percentage": 2.7027027027027026,
      "centroid": [
        -0.17814837041306048,
        0.34256446529709716,
        0.9365720370686139,
        -0.4834415664475653,
        1.2555097270326179,
        0.90558996360278,
        3.06042331757896,
        3.1627906486614217,
        -1.5530511230798922,
        -0.35159453982173344,
        2.175647881821018,
        -3.4699686991216185,
        0.0,
        1.4210854715202004e-14
      ],
      "avg_score": 0.414492410155618
    },
    "3": {
      "label": "Rendah (Low)",
      "count": 1,
      "percentage": 2.7027027027027026,
      "centroid": [
        -2.838144020972188,
        -3.1663287501571076,
        -3.4577785615907026,
        -2.589431780901371,
        -2.3283359387943765,
        -2.717108081692457,
        3.634735077942743,
        2.402369523150064,
        1.6316988757997277,
        3.434759281706072,
        4.54007159197632,
        2.680374053413415,
        0.0,
        1.4210854715202004e-14
      ],
      "avg_score": 0.08763437642001093
    }
  },
  "feature_names": [
    "persen_sekolah_internet_sd",
    "persen_sekolah_internet_smp",
    "persen_sekolah_internet_sma",
    "persen_guru_sertifikasi_sd",
    "persen_guru_sertifikasi_smp",
    "persen_guru_sertifikasi_sma",
    "rasio_siswa_guru_sd",
    "rasio_siswa_guru_smp",
    "rasio_siswa_guru_sma",
    "rasio_siswa_komputer_sd",
    "rasio_siswa_komputer_smp",
    "rasio_siswa_komputer_sma",
    "persen_lulus_akm_literasi",
    "persen_lulus_akm_numerasi"
  ],
  "timestamp": "2025-12-17T20:29:52.654831"
}
