{
  "n_clusters": 2,
  "silhouette_score": 0.32066553523053487,
  "davies_bouldin_score": 1.178631897171931,
  "inertia": 434.7337795457883,
  "cluster_mapping": {
    "0": "Rendah (Low)",
    "1": "Tinggi (High)"
  },
  "cluster_statistics": {
    "0": {
      "label": "Rendah (Low)",
      "count": 11,
      "percentage": 29.72972972972973,
      "centroid": [
        -1.1794282447965685,
        -1.090390236851678,
        -1.1990554161114864,
        -1.1783185097820903,
        -1.1252578610413075,
        -1.1164328723272412,
        0.3042033499126956,
        -0.09269464306371551,
        -0.2414907810458107,
        0.7387530029735374,
        0.2176672783815525,
        0.06886466010038701,
        0.0,
        1.4210854715202004e-14,
        -1.2256112958451566,
        -1.1772043116551583,
        -1.1583160523756082,
        -0.7098360159074539,
        -0.8363028069153614,
        -0.8153157507032481
      ],
      "avg_score": -0.590808325352685
    },
    "1": {
      "label": "Tinggi (High)",
      "count": 26,
      "percentage": 70.27027027027027,
      "centroid": [
        0.4989888727985487,
        0.46131894636032533,
        0.5072926760471667,
        0.4985193695231922,
        0.47607063351747725,
        0.47233698444614036,
        -0.12870141727075543,
        0.03921696437311007,
        0.10216917659630424,
        -0.31254934741188045,
        -0.09209000239219531,
        -0.029135048504010077,
        0.0,
        1.4210854715202004e-14,
        0.5185278559344896,
        0.49804797800794987,
        0.490056791389681,
        0.30031523749930666,
        0.3538204183103451,
        0.3449412791436821
      ],
      "avg_score": 0.24995736841844463
    }
  },
  "feature_names": [
    "persen_sekolah_internet_sd",
    "persen_sekolah_internet_smp",
    "persen_sekolah_internet_sma",
    "persen_guru_sertifikasi_sd",
    "persen_guru_sertifikasi_smp",
    "persen_guru_sertifikasi_sma",
    "rasio_siswa_guru_sd",
    "rasio_siswa_guru_smp",
    "rasio_siswa_guru_sma",
    "rasio_siswa_komputer_sd",
    "rasio_siswa_komputer_smp",
    "rasio_siswa_komputer_sma",
    "persen_lulus_akm_literasi",
    "persen_lulus_akm_numerasi",
    "persen_sekolah_listrik_sd",
    "persen_sekolah_listrik_smp",
    "persen_sekolah_listrik_sma",
    "persen_guru_kualifikasi_s1_sd",
    "persen_guru_kualifikasi_s1_smp",
    "persen_guru_kualifikasi_s1_sma"
  ],
  "timestamp": "2025-12-16T22:35:09.346366"
}
